352,Niblick_,Fore_,1964,JAN,16,16:00:00.15,NTS-YF,37.14228,-116.04911,
353,Niblick_,Oconto_,1964,JAN,23,16:00:00.15,NTS-YF,37.12642,-116.03633,
354,Niblick_,Club_,1964,JAN,30,16:00:00.15,NTS-YF,37.13621,-116.07066,
355,Niblick_,Solendon_,1964,FEB,12,15:38:00.12,NTS-YF,37.05661,-116.02924,
356,Niblick_,Bunker_,1964,FEB,13,15:30:00.15,NTS-YF,37.13202,-116.03234,
357,Niblick_,Bonefish_,1964,FEB,18,15:37:19.12,NTS-YF,37.05938,-116.03332,
358,Niblick_,Mackerel_,1964,FEB,18,15:37:37.124,NTS-YF,37.09563,-116.05072,
359,Niblick_,Klickitat_,1964,FEB,20,15:30:00.15,NTS-YF,37.15089,-116.04011,
360,Niblick_,Handicap_,1964,MAR,12,15:00:00.01,NTS-YF,37.12993,-116.03634,
361,Niblick_,Pike_,1964,MAR,13,16:02:00.12,NTS-YF,37.05047,-116.01147,
362,Niblick_,Hook_,1964,APR,14,14:40:00.15,NTS-YF,37.12892,-116.02983,
363,Niblick_,Sturgeon_,1964,APR,15,14:30:00.12,NTS-YF,37.04392,-116.01836,
364,Niblick_,Bogey_,1964,APR,17,15:29:52.28,NTS-YF,37.11949,-116.03389,
365,Niblick_,Turf_,1964,APR,24,20:10:00.15,NTS-YF,37.14958,-116.05539,
366,Niblick_,Pipefish_,1964,APR,29,20:47:00.12,NTS-YF,37.03956,-116.02664,
367,Niblick_,Driver_,1964,MAY,7,13:00:00.15,NTS-YF,37.12026,-116.04029,
368,Niblick_,Backswing_,1964,MAY,14,14:40:00.15,NTS-YF,37.11733,-116.03894,
369,Niblick_,Minnow_,1964,MAY,15,16:15:00.12,NTS-YF,37.04169,-116.01222,
370,Niblick_,Ace_,1964,JUN,11,16:45:00.15,NTS-YF,37.14861,-116.07600,
371,Niblick_,Bitterling_,1964,JUN,12,14:01:00.10,NTS-YF,37.03894,-116.01225,
372,Niblick_,Duffer_,1964,JUN,18,13:30:00.20,NTS-YF,37.16599,-116.03841,
373,Niblick_,Fade_,1964,JUN,25,13:30:00.14,NTS-YF,37.11114,-116.02878,
374,Niblick_,Dub_,1964,JUN,30,13:33:00.14,NTS-YF,37.17442,-116.05639,
375,Whetstone_,Bye_,1964,JUL,16,13:15:00.15,NTS-YF,37.18219,-116.04536,
376,Whetstone_,Links_,1964,JUL,23,13:30:00.15,NTS-YF,37.11376,-116.03201,
377,Whetstone_,Trogon_,1964,JUL,24,18:30:00.04,NTS-YF,37.04608,-116.01219,
378,Whetstone_,Alva_,1964,AUG,19,16:00:00.14,NTS-YF,37.15900,-116.08308,
379,Whetstone_,Canvasback_,1964,AUG,22,22:17:00.06,NTS-YF,37.06533,-116.01544,
380,Whetstone_,Player_,1964,AUG,27,14:30:00.15,NTS-YF,37.11736,-116.04066,
381,Whetstone_,Haddock_,1964,AUG,28,17:06:00.04,NTS-YF,37.06703,-116.02228,
382,Whetstone_,Guanay_,1964,SEP,4,18:15:00.08,NTS-YF,37.01758,-116.02269,
383,Whetstone_,Spoon_,1964,SEP,11,14:00:00.10,NTS-YF,37.11400,-116.02500,
384,Whetstone_,Auk_,1964,OCT,2,20:03:00.04,NTS-YF,37.07792,-116.00850,
385,Whetstone_,Par_,1964,OCT,9,14:00:00.12,NTS-YF,37.15133,-116.07700,
386,Whetstone_,Barbel_,1964,OCT,16,15:59:30.038,NTS-YF,37.03950,-116.01567,
387,Whetstone_,Turnstone_,1964,OCT,16,15:59:30.03,NTS-YF,37.03300,-116.02600,
388,Whetstone_,Salmon_,1964,OCT,22,16:00:00.00,-MS,31.14210,-89.56990,
389,Whetstone_,Garden_,1964,OCT,23,15:00:00.94,NTS-YF,37.11703,-116.03115,
390,Whetstone_,Forest_,1964,OCT,31,17:04:58.61,NTS-YF,37.10722,-116.03225,
391,Whetstone_,Handcar_,1964,NOV,5,15:00:00.11,NTS-YF,37.17436,-116.06703,
392,Whetstone_,Crepe_,1964,DEC,5,21:15:00.10,NTS-YF,37.11442,-116.05344,
393,Whetstone_,Drill_(Source-Lower)S,1964,DEC,5,21:15:00.16,NTS-YF,37.13428,-116.06975,
394,Whetstone_,Drill_(Target-Upper)SS,1964,DEC,5,21:15:00.16,NTS-YF,37.13428,-116.06975,
395,Whetstone_,Parrot_,1964,DEC,16,20:00:00.04,NTS-YF,37.03483,-116.01228,
396,Whetstone_,Cassowary_,1964,DEC,16,20:00:00.07,NTS-YF,37.03956,-116.02389,
397,Whetstone_,Hoopoe_,1964,DEC,16,20:00:00.07,NTS-YF,37.04800,-116.03400,
398,Whetstone_,Mudpack_,1964,DEC,16,20:10:00.10,NTS-YF,37.17781,-116.06700,
399,Whetstone_,Sulky_,1964,DEC,18,19:35:00.09,NTS-18,37.08250,-116.34250,
400,Whetstone_,Wool_,1965,JAN,14,16:00:00.14,NTS-YF,37.11900,-116.02478,
401,Whetstone_,Tern_,1965,JAN,29,18:22:00.03,NTS-YF,37.04499,-116.01323,
402,Whetstone_,Cashmere_,1965,FEB,4,15:30:00.11,NTS-YF,37.13075,-116.06158,
403,Whetstone_,Alpaca_,1965,FEB,12,15:10:29.49,NTS-YF,37.16453,-116.07656,
404,Whetstone_,Merlin_,1965,FEB,16,17:30:00.04,NTS-YF,37.05164,-116.02381,
405,Whetstone_,Wishbone_,1965,FEB,18,16:18:47.15,NTS-FF,36.81700,-115.95000,
406,Whetstone_,Seersucker_,1965,FEB,19,15:28:54.11,NTS-YF,37.11728,-116.03098,
407,Whetstone_,Wagtail_,1965,MAR,3,19:13:00.03,NTS-YF,37.06450,-116.03719,
408,Whetstone_,Suede_,1965,MAR,20,15:30:49.10,NTS-YF,37.11543,-116.02649,
409,Whetstone_,Cup_,1965,MAR,26,15:34:08.16,NTS-YF,37.14761,-116.04289,
410,Whetstone_,Kestrel_,1965,APR,5,21:00:00.04,NTS-YF,37.02581,-116.02264,
411,Whetstone_,Palanquin_,1965,APR,14,13:14:00.10,NTS-PM,37.28039,-116.52356,
412,Whetstone_,Gum_Drop_,1965,APR,21,22:00:00.03,NTS-16,37.00800,-116.20300,
413,Whetstone_,Chenille_,1965,APR,22,13:39:00.10,NTS-YF,37.11142,-116.03049,
414,Whetstone_,Muscovy_,1965,APR,23,21:44:00.04,NTS-YF,37.01742,-115.99533,
415,Whetstone_,Tee_,1965,MAY,7,15:47:11.15,NTS-YF,37.14036,-116.06664,
416,Whetstone_,Buteo_,1965,MAY,12,18:15:00.10,NTS-PM,37.24270,-116.43090,
417,Whetstone_,Cambric_,1965,MAY,14,14:57:52.15,NTS-FF,36.82338,-115.96684,
418,Whetstone_,Scaup_,1965,MAY,14,17:32:36.23,NTS-YF,37.05883,-116.01053,
419,Whetstone_,Tweed_,1965,MAY,21,13:08:52.11,NTS-YF,37.11856,-116.02769,
420,Whetstone_,Petrel_,1965,JUN,11,19:45:00.04,NTS-YF,37.04281,-116.01703,
421,Whetstone_,Organdy_,1965,JUN,11,20:28:37.11,NTS-YF,37.11578,-116.02326,
422,Whetstone_,Diluted_Waters_,1965,JUN,16,16:30:00.15,NTS-FF,36.81806,-115.95606,
423,Whetstone_,Tiny_Tot_,1965,JUN,17,17:00:00.09,NTS-15,37.22342,-116.05697,
424,Flintlock_,Izzer_,1965,JUL,16,13:04:24.10,NTS-YF,37.11500,-116.03217,
425,Flintlock_,Pongee_,1965,JUL,22,13:21:08.11,NTS-YF,37.13179,-116.06686,
426,Flintlock_,Bronze_,1965,JUL,23,17:00:00.04,NTS-YF,37.09786,-116.03300,
427,Flintlock_,Mauve_,1965,AUG,6,17:23:30.04,NTS-YF,37.01767,-116.03983,
428,Flintlock_,Ticking_,1965,AUG,21,13:43:08.15,NTS-YF,37.11263,-116.02602,
429,Flintlock_,Centaur_,1965,AUG,27,13:51:13.11,NTS-YF,37.13731,-116.07008,
430,Flintlock_,Moa_,1965,SEP,1,20:08:00.04,NTS-YF,37.03700,-116.01500,
431,Flintlock_,Screamer_,1965,SEP,1,20:08:00.04,NTS-YF,37.02300,-116.00897,
432,Flintlock_,Elkhart_,1965,SEP,17,15:08:23.10,NTS-YF,37.11103,-116.03461,
433,Flintlock_,Long_Shot_,1965,OCT,29,21:00:00.08,AK,51.43810,179.18260,
434,Flintlock_,Sepia_,1965,NOV,12,18:00:00.05,NTS-YF,37.04997,-116.02208,
435,Flintlock_,Kermet_,1965,NOV,23,18:17:32.10,NTS-YF,37.16189,-116.07092,
436,Flintlock_,Corduroy_,1965,DEC,3,15:13:02.10,NTS-YF,37.16475,-116.05233,
437,Flintlock_,Emerson_,1965,DEC,16,15:39:18.15,NTS-YF,37.14084,-116.06318,
438,Flintlock_,Buff_,1965,DEC,16,19:15:00.04,NTS-YF,37.07260,-116.02910,
439,Flintlock_,Maxwell_,1966,JAN,13,15:37:43.10,NTS-YF,37.11622,-116.02753,
440,Flintlock_,Lampblack_,1966,JAN,18,18:35:00.04,NTS-YF,37.09169,-116.01869,
441,Flintlock_,Sienna_,1966,JAN,18,18:35:00.04,NTS-YF,37.03733,-116.01843,
442,Flintlock_,Dovekie_,1966,JAN,21,18:28:00.04,NTS-YF,37.03172,-116.01575,
443,Flintlock_,Reo_,1966,JAN,22,15:17:19.10,NTS-YF,37.15721,-116.03869,
444,Flintlock_,Plaid_II_,1966,FEB,3,18:17:37.10,NTS-YF,37.12631,-116.06947,
445,Flintlock_,Rex_,1966,FEB,24,15:55:07.04,NTS-PM,37.27183,-116.43383,
446,Flintlock_,Red_Hot_,1966,MAR,5,18:15:00.10,NTS-RM,37.17450,-116.20836,
447,Flintlock_,Finfoot_,1966,MAR,7,18:41:00.07,NTS-YF,37.03739,-116.02939,
448,Flintlock_,Cinnamon_,1966,MAR,7,18:41:00.04,NTS-YF,37.03500,-116.03200,
449,Flintlock_,Clymer_,1966,MAR,12,18:04:13.11,NTS-YF,37.14367,-116.05253,
450,Flintlock_,Purple_,1966,MAR,18,19:00:00.04,NTS-YF,37.00925,-116.00908,
451,Flintlock_,Templar_,1966,MAR,24,14:55:28.14,NTS-YF,37.11333,-116.03136,
452,Flintlock_,Lime_,1966,APR,1,18:40:00.04,NTS-YF,37.10269,-116.01994,
453,Flintlock_,Stutz_,1966,APR,6,13:57:17.10,NTS-YF,37.13953,-116.14086,
454,Flintlock_,Tomato_,1966,APR,7,22:27:30.04,NTS-YF,37.01742,-115.99222,
455,Flintlock_,Duryea_,1966,APR,14,14:13:43.10,NTS-PM,37.24267,-116.43086,
456,Flintlock_,Fenton_,1966,APR,23,14:55:26.14,NTS-YF,37.16054,-116.08287,
457,Flintlock_,Pin_Stripe_,1966,APR,25,18:38:00.14,NTS-FF,36.88744,-115.94072,
458,Flintlock_,Ochre_,1966,APR,29,13:33:00.04,NTS-YF,37.04367,-116.02249,
459,Flintlock_,Traveler_,1966,MAY,4,13:32:17.09,NTS-YF,37.13706,-116.13714,
460,Flintlock_,Cyclamen_,1966,MAY,5,14:00:00.04,NTS-YF,37.05061,-116.03786,
461,Flintlock_,Chartreuse_,1966,MAY,6,15:00:00.08,NTS-PM,37.34800,-116.32194,
462,Flintlock_,Tapestry_,1966,MAY,12,19:37:26.20,NTS-YF,37.13428,-116.07111,
463,Flintlock_,Piranha_,1966,MAY,13,13:30:00.04,NTS-YF,37.08686,-116.03344,
464,Flintlock_,Dumont_,1966,MAY,19,13:56:28.14,NTS-YF,37.11114,-116.05792,
465,Flintlock_,Discus_Thrower_,1966,MAY,27,20:00:00.04,NTS-YF,37.17839,-116.09775,
466,Flintlock_,Pile_Driver_,1966,JUN,2,15:30:00.09,NTS-15,37.22710,-116.05550,
467,Flintlock_,Tan_,1966,JUN,3,14:00:00.04,NTS-YF,37.06840,-116.03530,
468,Flintlock_,Puce_,1966,JUN,10,14:30:00.04,NTS-YF,37.05942,-116.03881,
469,Flintlock_,Double_Play_,1966,JUN,15,17:00:00.04,NTS-16,37.00970,-116.20240,
470,Flintlock_,Kankakee_,1966,JUN,15,18:02:47.13,NTS-YF,37.17153,-116.04886,
471,Flintlock_,Vulcan_,1966,JUN,25,17:13:00.07,NTS-YF,37.15531,-116.07217,
472,Flintlock_,Halfbeak_,1966,JUN,30,22:15:00.07,NTS-PM,37.31581,-116.29897,
473,Latchkey_,Saxon_,1966,JUL,28,15:33:30.13,NTS-YF,37.14033,-116.09886,
474,Latchkey_,Rovena_,1966,AUG,10,13:16:00.07,NTS-YF,37.16867,-116.04772,
475,Latchkey_,Tangerine_,1966,AUG,12,15:36:00.05,NTS-YF,37.04631,-116.02932,
476,Latchkey_,Derringer_,1966,SEP,12,15:30:00.54,NTS-FF,36.87694,-115.95061,
477,Latchkey_,Daiquiri_,1966,SEP,23,18:00:00.04,NTS-YF,37.02094,-116.03639,
478,Latchkey_,Newark_,1966,SEP,29,14:45:30.09,NTS-YF,37.16867,-116.04606,
479,Latchkey_,Khaki_,1966,OCT,15,19:00:00.05,NTS-YF,37.04707,-116.01698,
480,Latchkey_,Simms_,1966,NOV,5,14:45:00.00,NTS-YF,37.16994,-116.04722,
481,Latchkey_,Ajax_,1966,NOV,11,12:00:00.14,NTS-YF,37.13444,-116.04983,
482,Latchkey_,Cerise_,1966,NOV,18,15:02:00.04,NTS-YF,37.04278,-116.01033,
483,Latchkey_,Vigil_,1966,NOV,22,15:00:00.13,NTS-YF,37.16938,-116.04831,
484,Latchkey_,Sterling_,1966,DEC,3,12:15:00.05,-MS,31.14210,-89.56990,
485,Latchkey_,Sidecar_,1966,DEC,13,17:50:00.04,NTS-YF,37.03479,-116.00680,
486,Latchkey_,New_Point_,1966,DEC,13,21:00:00.08,NTS-FF,36.87725,-115.93789,
487,Latchkey_,Greeley_,1966,DEC,20,15:30:00.08,NTS-PM,37.30206,-116.40831,
488,Latchkey_,Rivet_I_,1967,JAN,18,14:55:00.00,NTS-YF,37.16512,-116.04655,
489,Latchkey_,Nash_,1967,JAN,19,16:45:00.14,NTS-YF,37.14367,-116.13519,
490,Latchkey_,Bourbon_,1967,JAN,20,17:40:04.41,NTS-YF,37.09986,-116.00383,
491,Latchkey_,Rivet_II_,1967,JAN,26,16:30:00.00,NTS-YF,37.16480,-116.04806,
492,Latchkey_,Ward_,1967,FEB,8,15:15:00.13,NTS-YF,37.16753,-116.04714,
493,Latchkey_,Persimmon_,1967,FEB,23,18:34:00.04,NTS-YF,37.01753,-116.01586,
494,Latchkey_,Agile_,1967,FEB,23,18:50:00.13,NTS-YF,37.12686,-116.06639,
495,Latchkey_,Rivet_III_,1967,MAR,2,15:00:00.00,NTS-YF,37.16586,-116.04869,
496,Latchkey_,Mushroom_,1967,MAR,3,15:19:00.04,NTS-YF,37.03948,-116.01019,
497,Latchkey_,Fizz_,1967,MAR,10,15:00:00.04,NTS-YF,37.04613,-116.02978,
498,Latchkey_,Oakland_,1967,APR,4,14:20:00.15,NTS-YF,37.16198,-116.08223,
499,Latchkey_,Heilman_,1967,APR,6,15:00:00.12,NTS-YF,37.13733,-116.13268,
500,Latchkey_,Fawn_,1967,APR,7,15:00:00.04,NTS-YF,37.05439,-116.02222,
501,Latchkey_,Chocolate_,1967,APR,21,15:09:00.04,NTS-YF,37.01928,-116.03742,
502,Latchkey_,Effendi_,1967,APR,27,14:45:00.00,NTS-YF,37.13878,-116.06319,
503,Latchkey_,Mickey_,1967,MAY,10,13:40:00.041,NTS-YF,37.07786,-115.99531,
504,Latchkey_,Commodore_,1967,MAY,20,15:00:00.20,NTS-YF,37.13039,-116.06394,
505,Latchkey_,Scotch_,1967,MAY,23,14:00:00.04,NTS-PM,37.27508,-116.36997,
506,Latchkey_,Absinthe_,1967,MAY,26,12:30:00.03,NTS-YF,37.04502,-116.01905,
507,Latchkey_,Knickerbocker_,1967,MAY,26,15:00:01.50,NTS-PM,37.24794,-116.48017,
508,Latchkey_,Switch_,1967,JUN,22,13:10:00.00,NTS-YF,37.12556,-116.02867,
509,Latchkey_,Midi_Mist_,1967,JUN,26,16:00:00.08,NTS-RM,37.20211,-116.20783,
510,Latchkey_,Umber_,1967,JUN,29,11:25:00.04,NTS-YF,37.02856,-116.02261,
511,Crosstie_,Vito_,1967,JUL,14,13:30:00.08,NTS-YF,37.16525,-116.04493,
512,Crosstie_,Stanley_,1967,JUL,27,13:00:00.12,NTS-YF,37.14872,-116.04853,
513,Crosstie_,Gibson_,1967,AUG,4,14:00:00.04,NTS-YF,37.02439,-116.01237,
514,Crosstie_,Washer_,1967,AUG,10,14:10:00.00,NTS-YF,37.15669,-116.04728,
515,Crosstie_,Bordeaux_,1967,AUG,18,20:12:30.04,NTS-YF,37.01217,-116.03647,
516,Crosstie_,Lexington_,1967,AUG,24,13:30:00.00,NTS-YF,37.16273,-116.07416,
517,Crosstie_,Door_Mist_,1967,AUG,31,16:30:00.04,NTS-RM,37.17756,-116.20894,
518,Crosstie_,Yard_,1967,SEP,7,13:45:00.00,NTS-YF,37.15317,-116.05278,
519,Crosstie_,Gilroy_,1967,SEP,15,17:30:00.04,NTS-YF,37.03487,-116.02085,
520,Crosstie_,Marvel_,1967,SEP,21,20:45:00.00,NTS-YF,37.16600,-116.03842,
521,Crosstie_,Zaza_,1967,SEP,27,17:00:00.04,NTS-YF,37.09878,-116.05322,
522,Crosstie_,Lanpher_,1967,OCT,18,14:30:00.08,NTS-YF,37.11558,-116.05761,
523,Crosstie_,Sazerac_,1967,OCT,25,14:30:00.06,NTS-YF,37.03161,-116.02636,
524,Crosstie_,Cognac_,1967,OCT,25,14:30:00.14,NTS-YF,37.04980,-116.03958,
525,Crosstie_,Worth_,1967,OCT,25,14:45:00.08,NTS-YF,37.15634,-116.04859,
526,Crosstie_,Cobbler_,1967,NOV,8,15:00:00.04,NTS-YF,37.09181,-116.03581,
527,Crosstie_,Polka_,1967,DEC,6,13:00:00.00,NTS-YF,37.15927,-116.05295,
528,Crosstie_,Gasbuggy_,1967,DEC,10,19:30:00.14,-NM,36.67780,-107.20830,
529,Crosstie_,Stilt_,1967,DEC,15,15:00:00.04,NTS-YF,37.03669,-116.00200,
530,Crosstie_,Hupmobile_,1968,JAN,18,16:30:00.13,NTS-YF,37.14558,-116.06567,
531,Crosstie_,Staccato_,1968,JAN,19,15:00:00.00,NTS-YF,37.15640,-116.05390,
532,Crosstie_,Faultless_,1968,JAN,19,18:15:00.08,-NV,38.63430,-116.21530,
533,Crosstie_,Brush_,1968,JAN,24,15:00:00.04,NTS-YF,37.04279,-116.01393,
534,Crosstie_,Cabriolet_,1968,JAN,26,16:00:00.11,NTS-PM,37.28086,-116.51444,
535,Crosstie_,Mallet_,1968,JAN,31,15:30:00.04,NTS-YF,37.00102,-116.00915,
536,Crosstie_,Torch_,1968,FEB,21,15:00:00.04,NTS-YF,37.04163,-116.00195,
537,Crosstie_,Knox_,1968,FEB,21,15:30:00.00,NTS-YF,37.11656,-116.05369,
538,Crosstie_,Dorsal_Fin_,1968,FEB,29,17:08:30.04,NTS-RM,37.18461,-116.21144,
539,Crosstie_,Russet_,1968,MAR,5,15:30:00.04,NTS-YF,36.96992,-116.05580,
540,Crosstie_,Buggy-A_,1968,MAR,12,17:04:00.11,NTS-30,37.00750,-116.36997,
541,Crosstie_,Buggy-B_,1968,MAR,12,17:04:00.11,NTS-30,37.00764,-116.37045,
542,Crosstie_,Buggy-C_,1968,MAR,12,17:04:00.11,NTS-30,37.00778,-116.37093,
543,Crosstie_,Buggy-D_,1968,MAR,12,17:04:00.11,NTS-30,37.00793,-116.37141,
544,Crosstie_,Buggy-E_,1968,MAR,12,17:04:00.11,NTS-30,37.00808,-116.37189,
545,Crosstie_,Pommard_,1968,MAR,14,15:19:00.06,NTS-YF,37.04772,-116.01081,
546,Crosstie_,Stinger_,1968,MAR,22,15:00:00.04,NTS-PM,37.33261,-116.31067,
547,Crosstie_,Milk_Shake_,1968,MAR,25,18:44:27.04,NTS-FF,36.87172,-115.93114,
548,Crosstie_,Bevel_,1968,APR,4,15:02:00.04,NTS-YF,37.05231,-116.02088,
549,Crosstie_,Noor_,1968,APR,10,14:00:00.00,NTS-YF,37.15439,-116.07886,
550,Crosstie_,Throw_,1968,APR,10,14:00:00.00,NTS-YF,37.15700,-116.08300,
551,Crosstie_,Shuffle_,1968,APR,18,14:05:00.00,NTS-YF,37.15253,-116.03700,
552,Crosstie_,Scroll_,1968,APR,23,17:01:30.08,NTS-PM,37.33772,-116.37558,
553,Crosstie_,Boxcar_,1968,APR,26,15:00:00.07,NTS-PM,37.29542,-116.45569,
554,Crosstie_,Hatchet_,1968,MAY,3,16:00:00.04,NTS-YF,37.02854,-116.01988,
555,Crosstie_,Crock_,1968,MAY,8,14:10:00.00,NTS-YF,37.15733,-116.03492,
556,Crosstie_,Clarksmobile_,1968,MAY,17,13:00:00.00,NTS-YF,37.12006,-116.05883,
557,Crosstie_,Adze_,1968,MAY,28,14:45:00.04,NTS-YF,37.00863,-115.99539,
558,Crosstie_,Wembley_,1968,JUN,5,14:21:30.04,NTS-YF,37.03484,-116.01606,
559,Crosstie_,Tub-A_,1968,JUN,6,21:30:00.00,NTS-YF,37.16700,-116.04300,
560,Crosstie_,Tub-B_,1968,JUN,6,21:30:00.00,NTS-YF,37.16500,-116.04400,
561,Crosstie_,Tub-C_,1968,JUN,6,21:30:00.00,NTS-YF,37.16500,-116.04200,
562,Crosstie_,Tub-D_,1968,JUN,6,21:30:00.00,NTS-YF,37.16700,-116.04600,
563,Crosstie_,Tub-F_,1968,JUN,6,21:30:00.00,NTS-YF,37.16700,-116.04300,
564,Crosstie_,Rickey_,1968,JUN,15,13:59:59.97,NTS-PM,37.26492,-116.31464,
565,Crosstie_,Funnel_,1968,JUN,25,15:30:00.04,NTS-YF,37.04635,-116.03021,
566,Crosstie_,Sevilla_,1968,JUN,25,15:30:00.04,NTS-YF,37.04158,-115.99235,
567,Crosstie_,Chateaugay_,1968,JUN,28,12:22:00.08,NTS-PM,37.24550,-116.48286,
568,Bowline_,Spud_,1968,JUL,17,14:00:00.04,NTS-YF,37.00096,-115.99888,
569,Bowline_,Tanya_,1968,JUL,30,13:00:00.00,NTS-YF,37.13322,-116.08225,
570,Bowline_,Imp_,1968,AUG,9,13:00:00.00,NTS-YF,37.16179,-116.07719,
571,Bowline_,Rack_,1968,AUG,15,17:00:00.00,NTS-YF,37.12373,-116.04822,
572,Bowline_,Diana_Moon_,1968,AUG,27,16:30:00.04,NTS-FF,36.87722,-115.93108,
573,Bowline_,Sled_,1968,AUG,29,22:45:00.04,NTS-PM,37.25033,-116.34689,
574,Bowline_,Noggin_,1968,SEP,6,14:00:00.13,NTS-YF,37.13606,-116.04717,
575,Bowline_,Knife_A_,1968,SEP,12,14:00:00.04,NTS-YF,37.03178,-116.01164,
576,Bowline_,Stoddard_,1968,SEP,17,14:00:00.04,NTS-YF,37.11986,-116.12747,
577,Bowline_,Hudson_Seal_,1968,SEP,24,17:05:01.09,NTS-RM,37.20480,-116.20640,
578,Bowline_,Welder_,1968,OCT,3,14:00:00.04,NTS-YF,37.04653,-116.02974,
579,Bowline_,Knife_C_,1968,OCT,3,14:29:00.04,NTS-YF,37.02592,-115.99283,
580,Bowline_,Vat_,1968,OCT,10,14:30:00.04,NTS-YF,37.13331,-116.04231,
581,Bowline_,Hula_,1968,OCT,29,15:36:00.09,NTS-YF,37.11326,-116.04093,
582,Bowline_,Bit-A_,1968,OCT,31,18:30:00.04,NTS-YF,37.04703,-116.02947,
583,Bowline_,Bit-B_,1968,OCT,31,18:30:00.04,NTS-YF,37.04703,-116.02947,
584,Bowline_,File_,1968,OCT,31,18:30:00.04,NTS-YF,37.01709,-116.03573,
585,Bowline_,Crew_,1968,NOV,4,15:15:00.09,NTS-YF,37.13048,-116.08651,
586,Bowline_,Crew-2nd_,1968,NOV,4,15:16:00.09,NTS-YF,37.13000,-116.08700,
587,Bowline_,Crew-3rd_,1968,NOV,4,15:16:00.09,NTS-YF,37.13000,-116.08700,
588,Bowline_,Auger_,1968,NOV,15,15:30:00.04,NTS-YF,37.04766,-115.99984,
589,Bowline_,Knife_B_,1968,NOV,15,15:45:00.04,NTS-YF,37.02614,-116.03325,
590,Bowline_,Ming_Vase_,1968,NOV,20,18:00:00.03,NTS-16,37.00983,-116.20642,
591,Bowline_,Tinderbox_,1968,NOV,22,16:19:00.04,NTS-YF,37.13992,-116.04225,
592,Bowline_,Schooner_,1968,DEC,8,16:00:00.14,NTS-PM,37.34342,-116.56586,
593,Bowline_,Bay_Leaf_,1968,DEC,12,15:00:00.04,NTS-YF,37.04704,-116.03020,
594,Bowline_,Tyg-A_,1968,DEC,12,15:10:00.08,NTS-YF,37.12082,-116.08056,
595,Bowline_,Tyg-B_,1968,DEC,12,15:10:00.08,NTS-YF,37.11800,-116.08000,
596,Bowline_,Tyg-C_,1968,DEC,12,15:10:00.08,NTS-YF,37.11800,-116.07800,
597,Bowline_,Tyg-D_,1968,DEC,12,15:10:00.08,NTS-YF,37.12100,-116.07900,
598,Bowline_,Tyg-E_,1968,DEC,12,15:10:00.08,NTS-YF,37.12000,-116.07700,
599,Bowline_,Tyg-F_,1968,DEC,12,15:10:00.08,NTS-YF,37.11900,-116.08300,
600,Bowline_,Scissors_,1968,DEC,12,15:20:00.04,NTS-YF,37.00393,-116.03926,
601,Bowline_,Benham_,1968,DEC,19,16:30:00.04,NTS-PM,37.23147,-116.47358,
602,Bowline_,Packard_,1969,JAN,15,19:00:00.07,NTS-YF,37.14792,-116.06567,
603,Bowline_,Wineskin_,1969,JAN,15,19:30:00.04,NTS-RM,37.20914,-116.22539,
604,Bowline_,Shave_,1969,JAN,22,15:00:00.04,NTS-YF,37.01549,-115.99430,
605,Bowline_,Vise_,1969,JAN,30,15:00:00.038,NTS-YF,37.05331,-116.02925,
606,Bowline_,Biggin_,1969,JAN,30,15:17:00.12,NTS-YF,37.13331,-116.04026,
607,Bowline_,Nipper_,1969,FEB,4,15:00:00.04,NTS-YF,37.00267,-116.00914,
608,Bowline_,Winch_,1969,FEB,4,15:00:00.04,NTS-YF,37.00944,-116.04230,
609,Bowline_,Cypress_,1969,FEB,12,16:18:20.88,NTS-RM,37.16906,-116.21072,
610,Bowline_,Valise_,1969,MAR,18,14:30:00.12,NTS-YF,37.13914,-116.04084,
611,Bowline_,Chatty_,1969,MAR,18,14:40:00.43,NTS-YF,37.16228,-116.07588,
612,Bowline_,Barsac_,1969,MAR,20,18:12:00.04,NTS-YF,37.02200,-116.03019,
613,Bowline_,Coffer_,1969,MAR,21,14:30:00.41,NTS-YF,37.13322,-116.08667,
614,Bowline_,Gourd-Amber_,1969,APR,24,13:04:00.14,NTS-YF,37.16397,-116.07964,
615,Bowline_,Gourd-Brown_,1969,APR,24,13:04:00.14,NTS-YF,37.16000,-116.08200,
616,Bowline_,Thistle_,1969,APR,30,17:00:00.04,NTS-YF,37.09028,-116.00564,
617,Bowline_,Blenton_,1969,APR,30,17:00:00.04,NTS-YF,37.08150,-116.01394,
618,Bowline_,Purse_,1969,MAY,7,13:45:00.04,NTS-PM,37.28289,-116.50064,
619,Bowline_,Aliment_,1969,MAY,15,18:00:00.04,NTS-YF,37.01187,-115.98508,
620,Bowline_,Ipecac-A_,1969,MAY,27,14:00:00.04,NTS-YF,37.01499,-116.00218,
621,Bowline_,Ipecac-B_,1969,MAY,27,14:00:00.04,NTS-YF,37.01500,-116.00100,
622,Bowline_,Torrido_,1969,MAY,27,14:15:00.04,NTS-YF,37.07511,-115.99531,
623,Bowline_,Tapper_,1969,JUN,12,14:00:00.04,NTS-YF,37.00883,-116.03031,
624,Bowline_,Bowl-1_,1969,JUN,26,16:00:00.13,NTS-YF,37.16248,-116.07862,
625,Bowline_,Bowl-2_,1969,JUN,26,16:00:00.13,NTS-YF,37.16100,-116.08000,
626,Mandrel_,Ildrim_,1969,JUL,16,13:02:30.04,NTS-YF,37.11943,-116.05512,
627,Mandrel_,Hutch_,1969,JUL,16,14:55:00.04,NTS-YF,37.13953,-116.08744,
628,Mandrel_,Spider-A_,1969,AUG,14,14:30:00.04,NTS-YF,37.16024,-116.06361,
629,Mandrel_,Spider-B_,1969,AUG,14,14:30:00.04,NTS-YF,37.15800,-116.06500,
630,Mandrel_,Pliers_,1969,AUG,27,13:45:00.04,NTS-YF,37.02150,-116.03808,
631,Mandrel_,Horehound_,1969,AUG,27,13:45:00.04,NTS-YF,36.99270,-115.99553,
632,Mandrel_,Rulison_,1969,SEP,10,21:00:00.01,-CO,39.40580,-107.94810,
633,Mandrel_,Minute_Steak_,1969,SEP,12,18:02:20.42,NTS-FF,36.87722,-115.92850,
634,Mandrel_,Jorum_,1969,SEP,16,14:30:00.04,NTS-PM,37.31414,-116.46067,
635,Mandrel_,Kyack-A_,1969,SEP,20,14:30:00.04,NTS-YF,37.15900,-116.06900,
636,Mandrel_,Kyack-B_,1969,SEP,20,14:30:00.04,NTS-YF,37.15700,-116.06700,
637,Mandrel_,Seaweed-C_,1969,OCT,1,14:30:00.04,NTS-YF,37.01051,-115.99957,
638,Mandrel_,Seaweed-D_,1969,OCT,1,14:30:00.04,NTS-YF,37.01000,-116.00000,
639,Mandrel_,Seaweed-E_,1969,OCT,1,14:30:00.04,NTS-YF,37.01400,-115.99900,
640,Mandrel_,Milrow_,1969,OCT,2,22:06:00.04,AK,51.41710,179.18230,
641,Mandrel_,Pipkin_,1969,OCT,8,14:30:00.14,NTS-PM,37.25672,-116.44075,
642,Mandrel_,Seaweed_B_,1969,OCT,16,14:00:00.04,NTS-YF,37.01277,-115.99826,
643,Mandrel_,Cruet_,1969,OCT,29,19:30:00.04,NTS-YF,37.12150,-116.12775,
644,Mandrel_,Pod-A_,1969,OCT,29,20:00:00.04,NTS-YF,37.14021,-116.13050,
645,Mandrel_,Pod-B_,1969,OCT,29,20:00:00.04,NTS-YF,37.14000,-116.14300,
646,Mandrel_,Pod-C_,1969,OCT,29,20:00:00.04,NTS-YF,37.13600,-116.14100,
647,Mandrel_,Pod-D_,1969,OCT,29,20:00:00.04,NTS-YF,37.13500,-116.13700,
648,Mandrel_,Calabash_,1969,OCT,29,22:01:51.04,NTS-YF,37.14331,-116.06383,
649,Mandrel_,Scuttle_,1969,NOV,13,15:15:00.13,NTS-YF,37.16463,-116.07483,
650,Mandrel_,Piccalilli_,1969,NOV,21,14:52:00.04,NTS-YF,37.03119,-116.00206,
651,Mandrel_,Planer_,1969,NOV,21,14:52:00.08,NTS-YF,37.04816,-116.02273,
652,Mandrel_,Diesel_Train_,1969,DEC,5,17:00:00.04,NTS-RM,37.17997,-116.21086,
653,Mandrel_,Culantro-A_,1969,DEC,10,15:00:00.04,NTS-YF,37.01472,-116.00287,
654,Mandrel_,Culantro-B_,1969,DEC,10,15:00:00.04,NTS-YF,37.01500,-116.00200,
655,Mandrel_,Tun-A_,1969,DEC,10,15:30:00.07,NTS-YF,37.16800,-116.08000,
656,Mandrel_,Tun-B_,1969,DEC,10,15:30:00.07,NTS-YF,37.16900,-116.08000,
657,Mandrel_,Tun-C_,1969,DEC,10,15:30:00.07,NTS-YF,37.16800,-116.07800,
658,Mandrel_,Tun-D_,1969,DEC,10,15:30:00.07,NTS-YF,37.16900,-116.07800,
659,Mandrel_,Grape_A_,1969,DEC,17,15:00:00.04,NTS-YF,37.08381,-116.00158,
660,Mandrel_,Lovage_,1969,DEC,17,15:15:00.04,NTS-YF,37.00658,-116.02281,
661,Mandrel_,Terrine-White_,1969,DEC,18,19:00:00.04,NTS-YF,37.12047,-116.03478,
662,Mandrel_,Terrine-Yellow_,1969,DEC,18,19:00:00.04,NTS-YF,37.12100,-116.02900,
663,Mandrel_,Fob-Green_,1970,JAN,23,16:30:00.21,NTS-YF,37.14100,-116.03800,
664,Mandrel_,Fob-Red_,1970,JAN,23,16:30:00.21,NTS-YF,37.13742,-116.03678,
665,Mandrel_,Fob-Blue_,1970,JAN,23,16:30:00.21,NTS-YF,37.14100,-116.03400,
666,Mandrel_,Ajo_,1970,JAN,30,17:00:00.04,NTS-YF,37.03083,-116.03475,
667,Mandrel_,Grape_B_,1970,FEB,4,17:00:00.04,NTS-YF,37.09808,-116.02650,
668,Mandrel_,Belen_,1970,FEB,4,17:00:00.07,NTS-YF,37.05502,-116.03884,
669,Mandrel_,Labis_,1970,FEB,5,15:00:00.04,NTS-YF,37.16397,-116.03883,
670,Mandrel_,Diana_Mist_,1970,FEB,11,19:15:00.04,NTS-RM,37.20128,-116.20522,
671,Mandrel_,Cumarin_,1970,FEB,25,14:28:38.04,NTS-YF,37.03667,-115.99958,
672,Mandrel_,Yannigan-Red_,1970,FEB,26,15:30:00.04,NTS-YF,37.11636,-116.06144,
673,Mandrel_,Yannigan-Blue_,1970,FEB,26,15:30:00.04,NTS-YF,37.11400,-116.06700,
674,Mandrel_,Yannigan-White_,1970,FEB,26,15:30:00.04,NTS-YF,37.11800,-116.06700,
675,Mandrel_,Cyathus_,1970,MAR,6,14:24:00.94,NTS-YF,37.02311,-116.09175,
676,Mandrel_,Arabis-Red_,1970,MAR,6,15:00:00.21,NTS-YF,37.14000,-116.03200,
677,Mandrel_,Arabis-Green_,1970,MAR,6,15:00:00.21,NTS-YF,37.14200,-116.03500,
678,Mandrel_,Arabis-Blue_,1970,MAR,6,15:00:00.21,NTS-YF,37.14000,-116.03800,
679,Mandrel_,Jal_,1970,MAR,19,14:03:30.04,NTS-YF,37.00108,-116.02286,
680,Mandrel_,Shaper_,1970,MAR,23,23:05:00.04,NTS-YF,37.08622,-116.02111,
681,Mandrel_,Handley_,1970,MAR,26,19:00:00.20,NTS-PM,37.30047,-116.53411,
682,Mandrel_,Snubber_,1970,APR,21,14:30:00.04,NTS-YF,37.05489,-115.98811,
683,Mandrel_,Can-Green_,1970,APR,21,15:00:00.04,NTS-YF,37.11200,-116.08300,
684,Mandrel_,Can-Red_,1970,APR,21,15:00:00.04,NTS-YF,37.11558,-116.08011,
685,Mandrel_,Beebalm_,1970,MAY,1,14:13:00.04,NTS-YF,37.05922,-116.02817,
686,Mandrel_,Hod-C_(Blue)_,1970,MAY,1,14:25:00.00,NTS-YF,37.13800,-116.03200,
687,Mandrel_,Hod-A_(Green)_,1970,MAY,1,14:40:00.17,NTS-YF,37.13600,-116.03500,
688,Mandrel_,Hod-B_(Red)_,1970,MAY,1,14:40:00.17,NTS-YF,37.13300,-116.03408,
689,Mandrel_,Mint_Leaf_,1970,MAY,5,15:30:00.17,NTS-RM,37.21653,-116.18406,
690,Mandrel_,Diamond_Dust_,1970,MAY,12,14:00:00.04,NTS-16,37.01044,-116.20189,
691,Mandrel_,Cornice-Yellow_,1970,MAY,15,13:30:00.17,NTS-YF,37.16600,-116.03600,
692,Mandrel_,Cornice-Green_,1970,MAY,15,13:30:00.17,NTS-YF,37.16192,-116.03886,
693,Mandrel_,Manzanas_,1970,MAY,21,14:00:00.04,NTS-YF,37.02886,-115.99194,
694,Mandrel_,Morrones_,1970,MAY,21,14:15:00.03,NTS-YF,37.07081,-116.01300,
695,Mandrel_,Hudson_Moon_,1970,MAY,26,14:16:00.17,NTS-RM,37.18260,-116.21340,
696,Mandrel_,Flask-Green_,1970,MAY,26,15:00:00.05,NTS-YF,37.11300,-116.06300,
697,Mandrel_,Flask-Yellow_,1970,MAY,26,15:00:00.05,NTS-YF,37.11800,-116.06400,
698,Mandrel_,Flask-Red_,1970,MAY,26,15:00:00.05,NTS-YF,37.11619,-116.06670,
699,Mandrel_,Piton-C_,1970,MAY,28,11:45:00.20,NTS-YF,37.13847,-116.02992,
700,Mandrel_,Piton-A_,1970,MAY,28,12:00:00.164,NTS-YF,37.14398,-116.03262,
701,Mandrel_,Piton-B_,1970,MAY,28,12:00:00.164,NTS-YF,37.14100,-116.03500,
702,Mandrel_,Arnica-Yellow_,1970,JUN,26,13:00:00.04,NTS-YF,37.11392,-116.08614,
703,Mandrel_,Arnica-Violet_,1970,JUN,26,13:00:00.04,NTS-YF,37.11700,-116.08500,
704,Emery_,Scree-Acajou_,1970,OCT,13,15:05:00.02,NTS-YF,37.13745,-116.03404,
705,Emery_,Scree-Alhambra_,1970,OCT,13,15:05:00.02,NTS-YF,37.13400,-116.03200,
706,Emery_,Scree-Chamois_,1970,OCT,13,15:05:00.02,NTS-YF,37.13700,-116.03200,
707,Emery_,Tijeras_,1970,OCT,14,14:30:00.04,NTS-YF,37.07070,-116.00510,
708,Emery_,Truchas-Chacon_,1970,OCT,28,14:30:00.03,NTS-YF,37.01400,-116.01900,
709,Emery_,Truchas-Chamisal_,1970,OCT,28,14:30:00.04,NTS-YF,37.01400,-116.01800,
710,Emery_,Truchas-Rodarte_,1970,OCT,28,14:30:00.04,NTS-YF,37.01500,-116.02000,
711,Emery_,Abeytas_,1970,NOV,5,15:00:00.04,NTS-YF,37.02947,-116.01181,
712,Emery_,Penasco_,1970,NOV,19,15:00:00.04,NTS-YF,37.01479,-116.01588,
713,Emery_,Carrizozo_,1970,DEC,3,15:07:00.00,NTS-YF,37.00600,-116.04100,
714,Emery_,Corazon_,1970,DEC,3,15:07:00.04,NTS-YF,37.00200,-116.03791,
715,Emery_,Canjilon_,1970,DEC,16,16:00:00.05,NTS-YF,37.07252,-116.02499,
716,Emery_,Artesia_,1970,DEC,16,16:00:00.09,NTS-YF,37.10017,-116.00794,
717,Emery_,Avens-Andorre_,1970,DEC,16,16:00:00.17,NTS-YF,37.14200,-116.04000,
718,Emery_,Avens-Alkermes_,1970,DEC,16,16:00:00.17,NTS-YF,37.13700,-116.03900,
719,Emery_,Avens-Asamite_,1970,DEC,16,16:00:00.17,NTS-YF,37.13400,-116.03600,
720,Emery_,Avens-Cream_,1970,DEC,16,16:00:00.17,NTS-YF,37.14289,-116.03400,
721,Emery_,Carpetbag_,1970,DEC,17,16:05:00.16,NTS-YF,37.12914,-116.08300,
722,Emery_,Baneberry_,1970,DEC,18,15:30:00.20,NTS-YF,37.17314,-116.09886,
723,Emery_,Embudo_,1971,JUN,16,14:50:00.04,NTS-YF,37.03317,-116.01367,
724,Emery_,Dexter_,1971,JUN,23,14:00:00.04,NTS-YF,37.01321,-116.01642,
725,Emery_,Laguna_,1971,JUN,23,15:30:00.04,NTS-YF,37.02197,-116.02267,
726,Emery_,Harebell_,1971,JUN,24,14:00:00.16,NTS-YF,37.14669,-116.06683,
727,Emery_,Camphor_,1971,JUN,29,18:30:00.16,NTS-RM,37.17678,-116.21149,
728,Grommet_,Diamond_Mine_,1971,JUL,1,14:00:00.04,NTS-16,37.01153,-116.20339,
729,Grommet_,Miniata_,1971,JUL,8,14:00:00.082,NTS-YF,37.11011,-116.05142,
730,Grommet_,Bracken_,1971,JUL,9,14:00:00.16,NTS-YF,37.16445,-116.03273,
731,Grommet_,Apodaca_,1971,JUL,21,13:33:00.05,NTS-YF,37.01438,-115.99193,
732,Grommet_,Barranca_,1971,AUG,4,13:30:00.042,NTS-YF,37.02607,-116.01956,
733,Grommet_,Nama-Amarylis_,1971,AUG,5,18:07:45.20,NTS-YF,37.14500,-116.03400,
734,Grommet_,Nama-Mephisto_,1971,AUG,5,18:07:45.20,NTS-YF,37.14100,-116.03200,
735,Grommet_,Baltic_,1971,AUG,6,14:31:00.16,NTS-YF,37.13853,-116.04090,
736,Grommet_,Algodones_,1971,AUG,18,14:00:00.03,NTS-YF,37.05719,-116.03633,
737,Grommet_,Frijoles-Deming_,1971,SEP,22,14:00:00.037,NTS-YF,37.02200,-116.02000,
738,Grommet_,Frijoles-Espuela_,1971,SEP,22,14:00:00.04,NTS-YF,37.02300,-116.01700,
739,Grommet_,Frijoles-Guaje_,1971,SEP,22,14:00:00.04,NTS-YF,37.02400,-116.01600,
740,Grommet_,Frijoles-Petaca_,1971,SEP,22,14:00:00.04,NTS-YF,37.02200,-116.01700,
741,Grommet_,Pedernal_,1971,SEP,29,14:00:00.04,NTS-YF,37.01103,-116.00733,
742,Grommet_,Chantilly_,1971,SEP,29,14:30:00.14,NTS-YF,37.12448,-116.08698,
743,Grommet_,Cathay_,1971,OCT,8,14:30:00.15,NTS-YF,37.11378,-116.03733,
744,Grommet_,Lagoon_,1971,OCT,14,14:30:00.16,NTS-YF,37.17978,-116.05309,
745,Grommet_,Cannikin_,1971,NOV,6,22:00:00.06,AK,51.47190,179.10690,
746,Grommet_,Diagonal_Line_,1971,NOV,24,20:15:00.17,NTS-FF,36.87922,-115.93469,
747,Grommet_,Parnassia_,1971,NOV,30,15:45:00.15,NTS-YF,37.16045,-116.07023,
748,Grommet_,Chaenactis_,1971,DEC,14,21:09:59.16,NTS-YF,37.12394,-116.08956,
749,Grommet_,Hospah_,1971,DEC,14,21:10:01.04,NTS-YF,37.02585,-116.02915,
750,Grommet_,Yerba_,1971,DEC,14,21:10:01.04,NTS-YF,37.02325,-116.05863,
751,Grommet_,Mescalero_,1972,JAN,5,15:10:00.04,NTS-YF,37.04566,-116.02954,
752,Grommet_,Cowles_,1972,FEB,3,21:45:00.04,NTS-YF,37.00108,-116.01943,
753,Grommet_,Dianthus_,1972,FEB,17,19:02:00.16,NTS-YF,37.16570,-116.05624,
754,Grommet_,Sappho_,1972,MAR,23,18:50:00.16,NTS-YF,37.11305,-116.08082,
755,Grommet_,Ocate_,1972,MAR,30,21:00:00.08,NTS-YF,37.00400,-116.01600,
756,Grommet_,Onaja_,1972,MAR,30,21:00:00.04,NTS-YF,37.00547,-116.02008,
757,Grommet_,Longchamps_,1972,APR,19,16:32:00.16,NTS-YF,37.12194,-116.08383,
758,Grommet_,Jicarilla_,1972,APR,19,16:42:00.05,NTS-YF,37.00661,-116.01661,
759,Grommet_,Misty_North_,1972,MAY,2,19:15:00.04,NTS-RM,37.20770,-116.20880,
760,Grommet_,Kara_,1972,MAY,11,14:00:00.16,NTS-YF,37.11249,-116.08450,
761,Grommet_,Zinnia_,1972,MAY,17,14:10:00.16,NTS-YF,37.12056,-116.08789,
762,Grommet_,Monero_,1972,MAY,19,17:00:00.05,NTS-YF,37.06469,-116.00175,
763,Grommet_,Merida_,1972,JUN,7,15:20:00.16,NTS-YF,37.11589,-116.08533,
764,Grommet_,Capitan_,1972,JUN,28,14:41:00.19,NTS-YF,36.99296,-116.09063,
765,Grommet_,Tajique_,1972,JUN,28,16:30:00.07,NTS-YF,37.06959,-115.99211,
766,Grommet_,Haplopappus_,1972,JUN,28,16:30:03.16,NTS-YF,37.13520,-116.03527,
767,Toggle_,Diamond_Sculls_,1972,JUL,20,17:16:00.16,NTS-RM,37.21453,-116.18336,
768,Toggle_,Atarque_,1972,JUL,25,13:30:00.06,NTS-YF,37.01249,-116.01505,
769,Toggle_,Cebolla_,1972,AUG,9,13:31:10.04,NTS-YF,37.00700,-116.02000,
770,Toggle_,Cuchillo_,1972,AUG,9,13:31:10.04,NTS-YF,37.00375,-116.01906,
771,Toggle_,Solano_,1972,AUG,9,13:31:10.04,NTS-YF,37.00300,-116.01800,
772,Toggle_,Oscuro_,1972,SEP,21,15:30:00.19,NTS-YF,37.08206,-116.03656,
773,Toggle_,Delphinium_,1972,SEP,26,14:30:00.16,NTS-YF,37.12136,-116.08572,
774,Toggle_,Akbar_,1972,NOV,9,15:15:00.16,NTS-YF,37.16204,-116.03316,
775,Toggle_,Arsenate_,1972,NOV,9,18:15:00.16,NTS-YF,37.12144,-116.03233,
776,Toggle_,Canna-Umbrinus_,1972,NOV,17,18:00:00.16,NTS-YF,37.14000,-116.03300,
777,Toggle_,Canna-Limoges_,1972,NOV,17,18:00:00.16,NTS-YF,37.14000,-116.03300,
778,Toggle_,Tuloso_,1972,DEC,12,16:30:00.04,NTS-YF,37.03130,-116.02123,
779,Toggle_,Solanum_,1972,DEC,14,15:30:00.16,NTS-YF,37.13809,-116.03473,
780,Toggle_,Flax-Source_,1972,DEC,21,20:15:00.24,NTS-YF,37.13990,-116.08330,
781,Toggle_,Flax-Test_,1972,DEC,21,20:15:24.35,NTS-YF,37.13994,-116.08325,
782,Toggle_,Flax-Backup_,1972,DEC,21,20:15:24.35,NTS-YF,37.13994,-116.08325,
,
